id,label
1,3.4862079900305925
2,3.3224575936543608
3,3.153507532708595
4,3.3799032762820533
5,3.53271154068009
6,3.3479644928303065
7,3.0740391970092498
8,3.49270813917839
9,2.931939138750373
10,2.931939138750373
11,2.3480581534530245
12,2.9962360242739785
13,3.2188819145099017
14,2.969837058171233
15,2.9973933100201413
16,2.9962360242739785
17,2.6593341607180374
18,3.0313272060408654
19,2.9973933100201413
20,3.2188819145099017
21,3.223902573341498
22,3.433687622717954
23,2.572691645115535
24,2.9973933100201413
25,3.2188819145099017
26,2.5579409618664664
27,3.433687622717954
28,2.5858118578590474
29,3.1753771897224237
30,2.73164057244207
31,3.2188819145099017
32,2.829703132553089
33,2.969837058171233
34,2.852283153467409
35,2.6450803007690276
36,3.195905755562474
37,2.9107664795874655
38,2.6593341607180374
39,3.0313272060408654
40,2.431102588713485
41,3.1753771897224237
42,2.9737757061488277
43,3.433687622717954
44,3.2188819145099017
45,2.829703132553089
46,2.969837058171233
47,2.6450803007690276
48,3.195905755562474
49,2.6593341607180374
50,3.2188819145099017
51,2.6620621548884014
52,2.73164057244207
53,2.9962360242739785
54,2.5405176504070153
55,3.0313272060408654
56,2.431102588713485
57,3.2188819145099017
58,3.433687622717954
59,2.9261220634925755
60,3.32925567328165
61,3.172155368717782
62,3.5922486307942485
63,3.3712499749028435
64,3.363823688728735
65,3.5952812531865916
66,3.603313447537087
67,3.1606675534381994
68,3.925041661217276
69,3.075688092134079
70,3.5647895572986155
71,3.153265536614915
72,3.1508927088706553
73,2.866124142590955
74,3.663669469917285
75,3.4125957443573336
76,3.597195984460981
77,3.503157925373743
78,3.4010661103642783
79,3.5435324624066555
80,3.402195497701678
81,3.4593113613148985
82,2.9983984344173096
83,3.056065608354059
84,3.079810811744096
85,3.097027225728133
86,3.3516025635660633
87,3.477394756868681
88,3.32192245515539
89,3.15544998505469
90,3.4108476802421883
91,2.845569087444273
92,2.701586018441638
93,3.443064823441992
94,3.1420794654066424
95,3.1355737319852666
96,3.5683990813816986
97,3.320613552066135
98,3.0231377913772377
99,3.4020375582508953
100,2.788626130192899
101,2.877799078443963
102,3.1978552572616916
103,3.096390471564415
104,2.8951768039300454
105,3.078737094504257
106,3.1324194153036746
107,2.9021016294885227
108,3.0976504931613413
109,2.9766774712700257
110,3.227918560042632
111,3.225566222030415
112,2.9355414918048237
113,3.1619132363225
114,3.123322868598064
115,2.751166051544234
116,3.4867442933047132
117,3.094541919762569
118,3.0446256043467588
119,2.7496716733590283
120,2.9118084491230873
121,3.210096315531557
122,3.1097253241848968
123,3.1596786095815497
124,2.9297210397359144
125,3.156994476280918
126,3.281073481686356
127,3.2382727767410566
128,3.0091174355142867
129,2.91500195507539
130,2.922992293607619
131,3.1616260685976747
132,2.4348566368223725
133,2.7407905029888506
134,2.224688123901143
135,3.0099709682222775
136,2.5603478389750673
137,2.364897242165575
138,2.6130932808977176
139,2.224688123901143
140,3.0099709682222775
141,2.4537394097320218
142,2.364897242165575
143,2.717545950860432
144,2.6707798538965917
145,2.6130932808977176
146,3.6045565487327034
147,3.806109860101583
148,3.689734826208498
149,3.8008675787327686
150,3.5814898649711533
151,2.4306349533854994
152,2.7182551215791846
153,2.830303353898007
154,2.653949575437711
155,2.353626998172676
156,2.3592239893890117
157,2.4339607233780036
158,1.7545337039248075
159,1.9750537881236552
160,2.5684474358603655
161,2.5426120500735117
162,2.1675721436356827
163,2.012414552465084
164,2.605017594619675
165,2.2921462082235013
166,2.7034075863362124
167,2.0001618396374976
168,2.3245928439995516
169,2.9014661628892267
170,2.511354579451505
171,2.9280987982331563
172,2.1912221611776084
173,2.3592239893890117
174,2.2921462082235013
175,2.409031866192783
176,2.4220112584641793
177,2.2745399004986204
178,2.5857902824440995
179,2.609435691928254
180,2.230424269325501
181,2.1912221611776084
182,2.0940390428457847
183,2.4339607233780036
184,2.4113151877675976
185,2.4665645029243417
186,2.3543200232871198
187,2.5405867796738613
188,2.103401704907611
189,1.7545337039248075
190,2.7805338044867858
191,2.3351083392716667
192,2.2921462082235013
193,2.7034075863362124
194,2.235495584858866
195,2.6550435644132895
196,2.3375030711188605
197,2.0930548912678777
198,2.4497181442216593
199,2.492933192411284
200,2.349457899704527
201,2.134425364466495
202,2.1029358807254463
203,2.6210428866610243
204,2.8562119614606605
205,2.648133106732182
206,2.4220112584641793
207,2.7671562584403917
208,2.16083740793029
209,2.13842569927142
210,2.9280987982331563
211,2.342251329950364
212,2.2226869002364387
213,1.7698324331714554
214,2.080721487389686
215,2.044118952521788
216,2.3183112786779305
217,2.2745399004986204
218,2.116628444199892
219,2.3245928439995516
220,2.9014661628892267
221,2.6735343314075286
222,2.435875327523652
223,2.2898959056355195
224,2.313417652707075
225,2.353626998172676
226,2.369580795309762
227,2.475017816763948
228,2.012414552465084
229,2.2386165828754754
230,2.2943197411442235
231,2.068019294936767
232,2.066177355703678
233,2.409031866192783
234,2.5857902824440995
235,2.3453816610541414
236,2.4665641628813657
237,1.9750537881236552
238,2.1675689888219276
239,2.3592239893890117
240,2.5405867796738613
241,2.2921462082235013
242,2.066177355703678
243,1.8233414278472955
244,2.2745399004986204
245,2.2899204627753345
246,2.5857902824440995
247,2.1675689888219276
248,2.353626998172676
249,2.4788975635509605
250,2.9014661628892267
251,2.6210428866610243
252,2.6800319400774746
253,2.648133106732182
254,2.4220112584641793
255,2.3375030711188605
256,2.3656386552591453
257,2.6735343314075286
258,2.3069081394176725
259,2.342251329950364
260,2.5405867796738613
261,2.056151994944633
262,2.2921462082235013
263,1.8233414278472955
264,2.044118952521788
265,2.2745399004986204
266,2.3245928439995516
267,2.5857902824440995
268,2.3453816610541414
269,2.230424269325501
270,2.1912221611776084
271,2.3592239893890117
272,2.4339607233780036
273,2.069329867921262
274,2.3161120297195503
275,2.4929334030679455
276,2.5405867796738613
277,2.779160681447932
278,2.2921462082235013
279,2.369498989351978
280,2.342054248129642
281,2.5038587094209253
282,2.541673173049756
283,2.5859410392864204
284,2.6210428866610243
285,1.7222199409237091
286,2.3198914285658865
287,2.542172826227107
288,1.807254942289045
289,2.080721487389686
290,2.044118952521788
291,2.2745399004986204
292,2.3245928439995516
293,2.056151994944633
294,1.8673740200944204
295,2.521609860957654
296,2.066177355703678
297,1.8233414278472955
298,2.0494457000768507
299,2.2121051908584897
300,2.2899204627753345
301,2.5857902824440995
302,2.3453816610541414
303,2.1675689888219276
304,2.3592239893890117
305,2.5405867796738613
306,2.066177355703678
307,2.2745399004986204
308,2.5857902824440995
309,2.3453816610541414
310,2.1912221611776084
311,2.3592239893890117
312,2.4339607233780036
313,2.066177355703678
314,2.044118952521788
315,2.080721487389686
316,2.3245928439995516
317,2.5857902824440995
318,2.230424269325501
319,2.358355410537358
320,2.069329867921262
321,2.5405867796738613
322,2.6456208364551603
323,2.537665732719074
324,2.285320303928163
325,2.2921462082235013
326,2.8300576000967888
327,2.26582213966179
328,2.3584845026435
329,2.276857640720693
330,2.3462792944074335
331,2.637249430119369
332,2.392560300192873
333,2.191144214984567
334,2.5859410392864204
335,2.349457899704527
336,2.3315046554772434
337,2.6800319400774746
338,2.4220112584641793
339,2.4836236008631274
340,2.3193946787224338
341,2.3591626971970037
342,2.330569458010537
343,2.4788975635509605
344,2.3396060127571885
345,2.289507012183001
346,2.9040776759294245
347,2.529687006513021
348,2.044118952521788
349,2.431687733967654
350,2.351557249981346
351,2.3523307644970695
352,2.3245928439995516
353,2.9014661628892267
354,2.6735343314075286
355,2.435875327523652
356,2.1799351888046083
357,2.3069081394176725
358,2.3690695354955666
359,2.3855799762736027
360,2.3259331877491247
361,2.595721267749556
362,2.056151994944633
363,2.42887725695603
364,2.376481621400588
365,2.3027853467149906
366,2.3634663273807095
367,2.5857902824440995
368,2.3453816610541414
369,2.1675689888219276
370,2.1912221611776084
371,2.3592239893890117
372,2.4339607233780036
373,2.3161120297195503
374,2.5405867796738613
375,2.423783943105793
376,2.29168408757924
377,2.605017594619675
378,2.3022778604078185
379,2.080721487389686
380,2.2745399004986204
381,2.056151994944633
382,2.066177355703678
383,1.8233414278472955
384,2.0494457000768507
385,2.2899204627753345
386,2.5857902824440995
387,2.3453816610541414
388,2.1675689888219276
389,3.0330133927003664
390,3.104706686912909
391,3.2067220660274685
392,3.1046462852006926
393,3.296180219363547
394,3.114513306320629
395,3.3296661211708676
396,3.334364134691069
397,3.262871226736905
398,2.935262316735818
399,3.5900023364110423
400,2.7588993729959594
401,3.354528851332441
402,3.2272637611894726
403,3.0149765744771004
404,3.041732148080852
405,3.035601197046972
406,2.7013911328224536
407,3.4195011080546194
408,3.0168549357651155
409,3.2370510440885996
410,2.9284242754304577
411,2.895345286488858
412,3.058158331848824
413,3.285821431965572
414,3.203206689649437
415,3.0825644535162837
416,3.14021196400079
417,2.8846127541056883
418,3.088384054705277
419,3.2346321500196407
420,3.1315634293878154
421,3.1501570372107093
422,3.277403883611087
423,3.143036928218931
424,2.9152800891572492
425,3.0667508240542998
426,2.6440879441932013
427,3.1052105323941435
428,3.1415320857344886
429,3.030653323272291
430,2.9597720490605615
431,3.0245022101176184
432,2.933257514595323
433,3.044559873712282
434,3.2019362314693285
435,2.815194112794602
436,2.6625822909372734
437,3.1431806107636975
438,2.695716352366922
439,3.088806093844555
440,3.4391485119562155
441,3.2294227441903463
442,3.405108957133049
443,2.6942942603571223
444,3.125634447909777
445,2.3787945012999185
446,3.3960011709576223
447,2.730690251994893
448,3.213694350517188
449,2.9363985176516882
450,2.9918387433481306
451,3.433792902868727
452,3.351362678294002
453,3.052062210474195
454,3.4406900597576953
455,2.8168190685625403
456,2.9612831598221723
457,3.0509697997581693
458,3.0098605273397117
459,2.7129105852062354
460,2.760446936838321
461,3.2122444444760294
462,3.203551038088967
463,2.738516306065248
464,2.9590634078111773
465,3.44465746179584
466,3.10739059356637
467,2.8738022643826597
468,3.199162912455424
469,3.351362678294002
470,3.125634447909777
471,3.3960011709576223
472,2.6625822909372734
473,3.1431806107636975
474,3.088806093844555
475,3.2294227441903463
476,3.125634447909777
477,2.3787945012999185
478,2.9363985176516882
479,2.6625822909372734
480,2.695716352366922
481,3.088806093844555
482,3.4391485119562155
483,3.405108957133049
484,2.6942942603571223
485,3.125634447909777
486,2.3787945012999185
487,3.3960011709576223
488,2.730690251994893
489,3.213694350517188
490,2.9363985176516882
491,2.9918387433481306
492,3.433792902868727
493,3.351362678294002
494,3.4406900597576953
495,2.8168190685625403
496,2.9612831598221723
497,3.0509697997581693
498,2.7129105852062354
499,2.760446936838321
500,3.2122444444760294
501,2.9590634078111773
502,3.44465746179584
503,3.10739059356637
504,2.8738022643826597
505,3.199162912455424
506,2.815194112794602
507,2.6625822909372734
508,3.1431806107636975
509,2.695716352366922
510,3.088806093844555
511,3.4391485119562155
512,3.405108957133049
513,2.6942942603571223
514,3.125634447909777
515,2.3787945012999185
516,3.3960011709576223
517,2.730690251994893
518,3.213694350517188
519,2.9363985176516882
520,2.9918387433481306
521,3.433792902868727
522,3.351362678294002
523,3.4406900597576953
524,2.8168190685625403
525,2.9612831598221723
526,3.0509697997581693
527,3.0098605273397117
528,2.7129105852062354
529,2.760446936838321
530,3.2122444444760294
531,3.203551038088967
532,2.738516306065248
533,2.9590634078111773
534,3.44465746179584
535,3.10739059356637
536,2.8738022643826597
537,3.199162912455424
538,2.8281663528911327
539,3.0210424271656784
540,2.615321399067328
541,2.815256747113268
542,2.3930638574019274
543,2.7785166942971498
544,2.774292647952516
545,2.7669413893052117
546,2.7065616207891927
547,2.4956011420626782
548,2.5934051892108276
549,2.3930638574019274
550,2.7785166942971498
551,2.774292647952516
552,2.4956011420626782
553,3.7287579792011902
554,3.5247303255977323
555,3.3474699019725107
556,3.3248252584021185
557,3.2967131628340587
558,3.0691353591911406
559,3.494192732306721
560,3.3267904798721877
561,3.0383551566269205
562,3.3707469616009775
563,3.0911692788895175
564,2.617967977563415
565,2.8715369523845857
566,2.850568937506434
567,3.099353948430943
568,2.335024732414257
569,2.8359445792032694
570,2.635805899298365
571,2.735579137079114
572,2.9795199828920533
573,2.6084319287261293
574,2.836665209846719
575,2.621898682697555
576,2.6094616684496668
577,2.690432615078833
578,2.761061034830919
579,2.8803893885718197
580,2.75507587753652
581,3.217192774295985
582,3.4800685588039495
583,2.789078337243948
584,2.949151170927328
585,3.1047975518134705
586,3.349599847107392
587,3.108456176946756
588,2.7736628952945903
589,2.777597777084876
590,2.75507587753652
591,3.0274395947623804
592,2.948555134722066
593,3.217192774295985
594,2.789078337243948
595,3.1047975518134705
596,2.949151170927328
597,3.349599847107392
598,3.108456176946756
599,2.7736628952945903
600,3.2917663146456153
601,3.077190620016188
602,3.119396055647423
603,3.0955210259509602
604,3.2646032576466673
605,2.9922164559023545
606,3.052183472936966
607,3.1084354247217507
608,2.945890391761438
609,3.031158341645468
610,3.1846216710319064
611,3.015618347930936
612,3.0891961552421736
613,3.1005986400247325
614,2.9319343368814375
615,3.099769743555638
616,2.913110147493356
617,2.9501873694172516
618,3.1303242682930956
619,3.051521154630628
620,2.9922164559023545
621,3.1084354247217507
622,2.963641975839478
623,2.945890391761438
624,3.031158341645468
625,3.015618347930936
626,3.0891961552421736
627,3.028048514659009
628,3.1005986400247325
629,2.913110147493356
630,3.051521154630628
631,3.3317670787453046
632,3.2397187911236287
633,3.5520209839561048
634,3.662196061552495
635,3.219232611252422
636,3.6452189771958685
637,3.456606198984746
638,3.7409597454707253
639,3.4546341330927555
640,3.735769695537759
641,3.4744493468493056
642,3.7300411050914426
643,3.1206748207801023
644,3.188819588357939
645,3.2127308852067356
646,3.4075251519934406
647,3.405259697714254
648,3.2518845266585847
649,2.796532396729567
650,3.3913083870080585
651,2.783349436982585
652,3.198045712158907
653,3.2934092826538586
654,2.9712258643985496
655,2.6895435536654353
656,2.2892855855695027
657,3.4867376647490276
658,2.868995160702074
659,2.8865157425708485
660,2.7281472573201775
661,3.156254478618657
662,2.784685079686902
663,2.8644920911632896
664,2.730678732022884
665,2.4782686180505973
666,2.8343187356957715
667,2.7076970849436717
668,2.7249788774887573
669,3.523531309292575
670,3.353095289169248
671,3.688982301839423
672,3.549948171616904
673,3.5582124401114523
674,3.3761667246986438
675,3.549948171616904
676,3.742748295142482
677,3.353095289169248
678,3.688982301839423
679,3.745331193750631
680,3.365356274278815
681,2.9855517911934375
682,3.0895229127577233
683,2.9869345168219867
684,2.087453445465789
685,2.8477551367463554
686,2.518273402617733
687,2.2632335032623305
688,2.860872206808211
689,2.800971423551689
690,2.584498174230491
691,2.9696974408117103
692,2.93581471413696
693,2.567128664939824
694,3.232758807892748
695,2.778954503376859
696,2.655965294942532
697,3.1551985264207576
698,3.165298017911315
699,3.300706411820241
700,2.2585951410806175
701,2.5758524336787474
702,2.500819693878873
703,2.087453445465789
704,2.470773676847682
705,3.146380149687658
706,3.3778060853967493
707,2.9203993680660196
708,3.0895229127577233
709,2.363639877202883
710,3.074644929137409
711,2.804440666038122
712,3.1585230085578275
713,2.8683277799393725
714,2.2632335032623305
715,2.978564886489125
716,3.4689977014341236
717,2.9890728132271387
718,3.2308962362372884
719,3.432360396395191
720,3.0533678576717995
721,2.836227582876337
722,3.251292674197833
723,2.734212613458334
724,2.913371921992702
725,2.817077902851632
726,2.867140303032197
727,2.8560810341284273
728,3.0258960883711667
729,2.9875196922230733
730,2.867140303032197
731,2.8045255973386056
732,3.0258960883711667
733,2.9875196922230733
734,2.6295459275170323
735,2.579776556867759
736,2.867140303032197
737,2.8045255973386056
738,3.0258960883711667
739,2.986730053898082
740,2.532432992631455
741,2.9875196922230733
742,2.942187913049721
743,3.251292674197833
744,3.066565566237961
745,2.579776556867759
746,2.913371921992702
747,2.867140303032197
748,2.8080405902791883
749,2.8045255973386056
750,3.0258960883711667
751,2.986730053898082
752,2.9875196922230733
753,2.6295459275170323
754,3.251292674197833
755,2.867140303032197
756,2.587695590139414
757,2.7412703900954916
758,3.0434117896467905
759,3.279395131392926
760,2.934799391540115
761,2.8307109870494935
762,3.055210087510969
763,2.7752500031911493
764,2.8112381318283783
765,2.625584626970189
766,2.964281331616808
767,2.900609442274742
768,2.3481287931283186
769,2.9579410923061804
770,3.5414251825966017
771,3.2308652100966353
772,3.4805000274102484
773,3.437867231253152
774,3.572919229110382
775,3.5531239766904545
776,3.70976157660622
777,3.4123213817551497
778,3.571932595162355
779,3.3025438334499526
780,3.422718273507678
781,3.5160529523881965
782,3.33158353018725
783,3.2845532424561537
784,3.5407383439099354
785,3.4340896537455805
786,3.3781532436577706
787,3.3588408091215634
788,3.1790621387501905
789,3.3390547028717643
790,3.403731654154975
791,3.5058107792759277
792,3.623235091280511
793,3.48527337368274
794,3.436878886691025
795,2.8324006922833784
796,3.386228615494338
797,2.9374651847094424
798,3.296382577448686
799,2.5461478426015143
800,2.972546153420613
801,2.9936436907074824
802,3.4679139702168063
803,3.199108726498857
804,3.516816759322161
805,3.1625755011584613
806,3.100096294523938
807,2.895012643489293
808,3.0579731999532145
809,3.4679139702168063
810,3.2580414097249597
811,3.199108726498857
812,2.9867454077914117
813,3.516816759322161
814,3.1625755011584613
815,2.9081558038171154
816,3.100096294523938
817,3.1591788281805395
818,2.8627126670936485
819,2.8578274188066435
820,2.9763881411052457
821,2.9577573708458926
822,3.33660955752701
823,2.887482991246838
824,2.895012643489293
825,3.0579731999532145
826,3.4679139702168063
827,3.2257693998552304
828,3.199108726498857
829,2.9867454077914117
830,3.516816759322161
831,3.1625755011584613
832,2.9081558038171154
833,2.8578274188066435
834,2.9763881411052457
835,3.33660955752701
836,2.887482991246838
837,2.895012643489293
838,2.8770436187375723
839,2.736140511493012
840,3.0579731999532145
841,3.2580414097249597
842,2.9081558038171154
843,3.100096294523938
844,3.1591788281805395
845,2.887482991246838
846,2.8353445905360113
847,2.895012643489293
848,3.4679139702168063
849,3.1269503779438366
850,3.199108726498857
851,2.6997191199641133
852,2.9867454077914117
853,3.516816759322161
854,3.178656058355924
855,3.1625755011584613
856,2.9081558038171154
857,3.1591788281805395
858,3.15009290705853
859,2.8578274188066435
860,3.2976279004234517
861,2.9603073290364583
862,3.7039058752018335
863,3.33660955752701
864,3.369237290116334
865,2.895012643489293
866,3.0579731999532145
867,3.199108726498857
868,2.9867454077914117
869,3.1625755011584613
870,2.9081558038171154
871,2.9763881411052457
872,2.3824339989971786
873,3.199108726498857
874,3.2009504818755325
875,3.141319138447752
876,3.100096294523938
877,3.5547705054920464
878,3.11510173006702
879,3.15009290705853
880,3.2976279004234517
881,3.0121620367246065
882,3.500309321222468
883,3.3898957985741744
884,3.2471065465923363
885,2.6838701339640805
886,3.4190981088583525
887,3.600730855356275
888,3.0280073289078513
889,2.596032664230957
890,2.9424834478615174
891,3.1785891218322617
892,2.9081558038171154
893,3.1712885260066286
894,2.8770436187375723
895,3.0082511961284624
896,3.7039058752018335
897,3.2014132934549435
898,2.887482991246838
899,3.0516749862275585
900,2.81001178388612
901,3.195895261008137
902,3.3268688846929257
903,2.979636374504862
904,2.736140511493012
905,2.895012643489293
906,3.0579731999532145
907,3.2580414097249597
908,3.199108726498857
909,2.9867454077914117
910,3.516816759322161
911,3.1625755011584613
912,3.100096294523938
913,3.277956081314881
914,2.9081558038171154
915,3.1591788281805395
916,2.8627126670936485
917,2.9763881411052457
918,2.9577573708458926
919,3.2014132934549435
920,3.33660955752701
921,2.887482991246838
922,2.9805366153509296
923,2.8353445905360113
924,2.895012643489293
925,3.0579731999532145
926,3.4679139702168063
927,3.2580414097249597
928,3.199108726498857
929,2.9867454077914117
930,3.516816759322161
931,3.1625755011584613
932,3.100096294523938
933,2.9685562928111806
934,2.9081558038171154
935,3.1591788281805395
936,2.8627126670936485
937,2.9763881411052457
938,2.9577573708458926
939,3.33660955752701
940,2.887482991246838
941,3.178656058355924
942,2.8578274188066435
943,2.8353445905360113
944,2.895012643489293
945,3.2580414097249597
946,3.199108726498857
947,2.9867454077914117
948,3.516816759322161
949,3.1625755011584613
950,2.9685562928111806
951,2.9081558038171154
952,3.100096294523938
953,3.1591788281805395
954,2.8627126670936485
955,2.8578274188066435
956,2.9763881411052457
957,2.9577573708458926
958,3.33660955752701
959,2.887482991246838
960,2.8353445905360113
961,2.895012643489293
962,3.0579731999532145
963,3.4679139702168063
964,3.2580414097249597
965,3.199108726498857
966,2.9867454077914117
967,3.516816759322161
968,3.1625755011584613
969,3.100096294523938
970,3.500309321222468
971,3.600730855356275
972,2.9685562928111806
973,2.9081558038171154
974,3.1591788281805395
975,2.8627126670936485
976,2.9763881411052457
977,2.9577573708458926
978,3.33660955752701
979,2.887482991246838
980,3.178656058355924
981,2.8578274188066435
982,2.8353445905360113
983,2.895012643489293
984,3.0579731999532145
985,3.199108726498857
986,2.9867454077914117
987,3.516816759322161
988,3.1625755011584613
989,3.141319138447752
990,3.100096294523938
991,2.9463358730794775
992,2.6838701339640805
993,3.4190981088583525
994,2.9424834478615174
995,2.9685562928111806
996,2.9081558038171154
997,2.8627126670936485
998,2.9763881411052457
999,2.9577573708458926
1000,3.7039058752018335
1001,3.33660955752701
1002,3.0516749862275585
1003,2.79411403816189
1004,2.7156281583283857
1005,2.8578274188066435
1006,2.8353445905360113
1007,2.895012643489293
1008,3.4679139702168063
1009,3.199108726498857
1010,2.9867454077914117
1011,3.516816759322161
1012,3.178656058355924
1013,3.1625755011584613
1014,2.9081558038171154
1015,3.100096294523938
1016,3.33660955752701
1017,2.887482991246838
1018,2.895012643489293
1019,3.0579731999532145
1020,3.4679139702168063
1021,3.2580414097249597
1022,3.199108726498857
1023,3.516816759322161
1024,3.1625755011584613
1025,2.9685562928111806
1026,2.9081558038171154
1027,3.100096294523938
1028,3.1591788281805395
1029,2.8627126670936485
1030,2.8578274188066435
1031,2.9577573708458926
1032,2.895012643489293
1033,2.9081558038171154
1034,3.178656058355924
1035,3.199108726498857
1036,3.100096294523938
1037,2.9081558038171154
1038,3.0579731999532145
1039,3.199108726498857
1040,3.100096294523938
1041,2.9081558038171154
1042,3.0579731999532145
1043,3.199108726498857
1044,2.895012643489293
1045,3.0579731999532145
1046,3.199108726498857
1047,3.1625755011584613
1048,3.100096294523938
1049,3.1591788281805395
1050,2.8578274188066435
1051,2.8627126670936485
1052,2.9577573708458926
1053,2.8353445905360113
1054,2.895012643489293
1055,3.0579731999532145
1056,2.366533332788627
1057,3.2580414097249597
1058,3.199108726498857
1059,3.516816759322161
1060,3.178656058355924
1061,2.9685562928111806
1062,2.9081558038171154
1063,2.969021954423816
1064,3.100096294523938
1065,2.9763881411052457
1066,3.33660955752701
1067,2.887482991246838
1068,3.600730855356275
1069,2.895012643489293
1070,3.252988833310862
1071,3.2471065465923363
1072,2.9424834478615174
1073,2.6997191199641133
1074,2.7989773018652064
1075,3.195895261008137
1076,3.1785891218322617
1077,2.829646470486389
1078,2.79411403816189
1079,2.9081558038171154
1080,3.4190981088583525
1081,3.277956081314881
1082,3.7039058752018335
1083,3.081338636069253
1084,3.600730855356275
1085,3.0579731999532145
1086,3.4679139702168063
1087,3.2580414097249597
1088,3.199108726498857
1089,2.989812169164614
1090,2.9142470368156537
1091,3.516816759322161
1092,2.8831801067742373
1093,2.9081558038171154
1094,3.100096294523938
1095,2.9437657395111203
1096,3.2065413311387725
1097,3.094067791660099
1098,2.9919481841938995
1099,3.516816759322161
1100,2.8627126670936485
1101,3.15009290705853
1102,3.0002555609864943
1103,2.895012643489293
1104,3.1727120091154566
1105,2.366533332788627
1106,3.199108726498857
1107,2.8841638725075516
1108,2.9867454077914117
1109,3.1625755011584613
1110,2.9685562928111806
1111,2.9081558038171154
1112,3.1591788281805395
1113,2.8578274188066435
1114,2.9763881411052457
1115,2.9577573708458926
1116,2.887482991246838
1117,2.8353445905360113
1118,3.3567889445442254
1119,3.455213018091174
1120,3.261073296164482
1121,3.3692576784768886
1122,3.488866357102305
1123,3.1084890023594625
1124,3.3512812927566165
1125,2.8788197049875
1126,3.297609299282733
1127,3.5310160013883243
1128,2.6099375793935184
1129,3.1095769836731533
1130,2.8734411489342415
1131,3.2169333874181603
1132,3.1370123872336784
1133,3.3035671813575425
1134,2.9594154120160665
1135,2.989678578901544
1136,3.118141725632452
1137,2.665550515721483
1138,3.027941592566815
1139,2.9103776005537267
1140,2.7718764746762723
1141,2.842174191187863
1142,3.0731128036450723
1143,3.0956022566138324
1144,3.183552449071344
1145,3.1541219397598748
1146,3.3061516442531746
1147,3.0844516978419425
1148,2.7184516584533585
1149,2.8295273165338317
1150,3.012078484445953
1151,2.841125539574149
1152,2.946343342207725
1153,2.10550370716946
1154,2.383936176336454
1155,2.4663551832557595
1156,3.119279630335435
1157,3.2374821176249173
1158,3.0316310958495802
1159,2.855755633956765
1160,3.0951136616665145
1161,3.07107467011446
1162,3.0808343911856864
1163,2.8867506227232935
1164,3.0820627566419265
1165,3.4910654933760403
1166,2.8404283656799043
1167,3.2161770003955077
1168,2.778244909480387
1169,3.131659322585717
1170,3.0295412378263578
1171,2.812765426831868
1172,3.2669236171088363
1173,2.722106752014225
1174,2.7658444415599384
1175,2.76144661521617
1176,2.6549010876163965
1177,2.9324117050568397
1178,3.032381108594284
1179,2.7879505274424616
1180,3.0342395667656996
1181,2.873086967553035
1182,3.119279630335435
1183,3.0951136616665145
1184,3.0808343911856864
1185,2.8867506227232935
1186,3.0820627566419265
1187,3.4910654933760403
1188,2.8404283656799043
1189,3.2161770003955077
1190,3.131659322585717
1191,3.0295412378263578
1192,2.9324117050568397
1193,2.778244909480387
1194,3.2669236171088363
1195,2.722106752014225
1196,3.0342395667656996
1197,2.873086967553035
1198,2.5014108222709295
1199,2.694762737023156
1200,2.491700588142427
1201,2.8785937867593745
1202,2.8308898302104275
1203,2.3899876565635316
1204,2.809180736501899
1205,2.7953793159616724
1206,2.642466625365249
1207,2.4825584543493826
1208,2.7973493209181655
1209,2.8015083860818084
1210,2.5419119393587124
1211,2.678875509033359
1212,2.455065831016334
1213,2.1634571580387476
1214,2.7460460428174476
1215,2.563187838242021
1216,2.6872871795404545
1217,2.7517700266584146
1218,2.593878321549727
1219,2.6574406212889015
1220,2.694762737023156
1221,2.7962259177148625
1222,2.8308898302104275
1223,2.714096687902619
1224,2.8645250437608114
1225,3.0577967899001264
1226,2.7460460428174476
1227,2.809180736501899
1228,2.624629301446881
1229,2.6872871795404545
1230,2.7517700266584146
1231,2.455065831016334
1232,2.6574406212889015
1233,2.9309993683321345
1234,3.206490306393396
1235,3.2246403478282075
1236,3.0353458507994495
1237,3.1628281876641458
1238,3.211602001011819
1239,3.1203358889689707
1240,2.948557704743408
1241,3.0753484764395282
1242,2.886059976294936
1243,3.021765471961857
1244,3.622368255595352
1245,3.3592340470780133
1246,2.786168959090725
1247,3.1628281876641458
1248,3.1203358889689707
1249,3.3419123976272
1250,3.3468694569422515
1251,3.425850773761431
1252,2.948557704743408
1253,3.181038183460283
1254,3.0753484764395282
1255,3.0837949248827514
1256,3.014833197910144
1257,3.021765471961857
1258,2.8751985234195248
1259,3.0287243217768087
1260,3.622368255595352
1261,3.3592340470780133
1262,2.7840930381840274
1263,2.948557704743408
1264,3.1006677202071047
1265,3.0837949248827514
1266,3.622368255595352
1267,2.786168959090725
1268,3.1628281876641458
1269,3.622368255595352
1270,3.0837949248827514
1271,3.780863287113781
1272,3.911898792250788
1273,3.4713131037169265
1274,3.5780217114709503
1275,3.9308746763307707
1276,2.907089849952779
1277,2.972372616071521
1278,3.315324018102356
1279,3.315324018102356
1280,2.972372616071521
1281,2.9253707755629295
1282,3.418444891959723
1283,2.830336659477406
1284,3.0566593814625107
1285,3.2530103003404025
1286,2.993039213654677
1287,3.1841479327906343
1288,3.141906913848708
1289,2.8715332786119947
1290,3.4454747333358138
1291,3.019261802579138
1292,3.084371224181485
1293,2.997082281761528
1294,3.1977480546866603
1295,2.9595581788583734
1296,2.71953116108877
1297,2.997207806860923
1298,2.8695325491766823
1299,2.802508530834399
1300,2.9284169109177105
1301,3.024530911985493
1302,3.030300897867298
1303,3.090347014396148
1304,3.2193344179769623
1305,3.279042997737371
1306,3.3960342451937664
1307,3.2804094146163925
1308,2.6390486852458204
1309,3.375908868473054
1310,2.8561062141830216
1311,3.1925398180370133
1312,2.8225484926703994
1313,3.2429336710025813
1314,3.2121454730937025
1315,2.843757442526943
1316,3.1516204306085536
1317,2.8507741047960917
1318,2.614702128951444
1319,2.9112568432368464
1320,3.2040037876781033
1321,3.032641872144387
1322,3.349148182738257
1323,3.1913578322741354
1324,3.237455715134298
1325,3.1961738275744036
1326,3.002711069796248
1327,3.4950025087544723
1328,2.8690782151259286
1329,2.981528437165471
1330,3.3683738127775387
1331,2.998554201489672
1332,3.063934713957318
1333,3.0500900427029367
1334,3.1452771084998554
1335,2.9017910646242346
1336,3.152739975377163
1337,3.0338505043310438
1338,3.299173766388343
1339,2.9112568432368464
1340,3.349148182738257
1341,2.938282247037711
1342,2.8316568820440913
1343,3.1913578322741354
1344,3.1961738275744036
1345,3.1452771084998554
1346,3.152739975377163
1347,3.0338505043310438
1348,2.8690782151259286
1349,2.981528437165471
1350,3.299173766388343
1351,2.998554201489672
1352,2.931283724096862
1353,2.678568983120526
1354,3.203449805186792
1355,3.015795777457374
1356,2.8752782943257804
1357,2.605549192726693
1358,2.930373109527342
1359,2.6617042430146025
1360,2.7658386279862124
1361,2.4766082288690345
1362,2.973808563292407
1363,2.947608624149167
1364,2.632440295731817
1365,2.7081786092030677
1366,2.717201967569604
1367,2.5639877120595136
1368,2.83796075450556
1369,2.964530495219443
1370,2.7236569067221312
1371,2.4425128981517195
1372,3.1313172140089964
1373,3.164601659662719
1374,2.632440295731817
1375,2.744229294855753
1376,2.4239627919041427
1377,2.856077317330564
1378,3.1313172140089964
1379,2.632440295731817
1380,2.5639877120595136
1381,2.4239627919041427
1382,2.7081786092030677
1383,2.5639877120595136
1384,2.603490811683251
1385,2.5835213825472425
1386,2.7140969602050635
1387,2.4239627919041427
1388,2.4958919106627495
1389,2.69699312487137
1390,2.831910511158127
1391,2.947608624149167
1392,2.9370157353863897
1393,3.0617789640664332
1394,2.93799497316066
1395,3.1843939071873995
1396,3.748816247451866
1397,3.7495994228572487
1398,3.4464954001670316
1399,3.8292523313464337
1400,3.4516582822866932
1401,3.8842646695749314
1402,3.4967361775455883
1403,2.824189829092377
1404,3.3883739948106055
1405,2.624732412228488
1406,3.7105879008732625
1407,3.748816247451866
1408,3.7495994228572487
1409,3.5087233528385577
1410,3.694226414326276
1411,3.8292523313464337
1412,3.503176033245447
1413,3.4516582822866932
1414,3.4967361775455883
1415,2.824189829092377
1416,3.3983378072094643
1417,3.7366020861729767
1418,3.3883739948106055
1419,3.703360152584329
1420,3.6376898265900417
1421,3.066629984785018
1422,3.595003835397676
1423,3.8261393845185663
1424,3.1998982467656876
1425,3.445599034245278
1426,3.369799216634218
1427,3.4718619177975683
1428,3.790800494418177
1429,3.715734334627985
1430,3.8825863171636934
1431,3.553414323451932
1432,2.674434909417271
1433,2.776740036196991
1434,2.732496914485375
1435,3.278545433196806
1436,3.096124067679597
1437,2.7422488897744195
1438,2.7444899308795248
1439,3.0888706839096494
1440,3.0708066935421536
1441,3.3192538146957777
1442,2.9080982280378844
1443,3.3031891936857214
1444,2.7560935937093167
1445,2.5343898522167345
1446,2.674434909417271
1447,2.776740036196991
1448,3.278545433196806
1449,2.434380563642115
1450,3.096124067679597
1451,2.760660470976699
1452,2.7422488897744195
1453,3.0012909679987514
1454,2.7444899308795248
1455,2.9080982280378844
1456,3.3031891936857214
1457,2.530269232106582
1458,3.1931060616044933
1459,2.862566296063144
1460,3.4426888976126335
1461,2.732496914485375
1462,2.434380563642115
1463,2.760660470976699
1464,2.862566296063144
1465,2.7422488897744195
1466,3.1409432417287975
1467,3.3031891936857214
1468,3.0975857743235093
1469,2.5343898522167345
1470,2.674434909417271
1471,2.776740036196991
1472,3.278545433196806
1473,3.096124067679597
1474,2.905687254025163
1475,3.0012909679987514
1476,2.760660470976699
1477,2.7422488897744195
1478,2.8337039710225196
1479,3.0888706839096494
1480,2.71311452065165
1481,2.9080982280378844
1482,2.272574941557935
1483,2.434380563642115
1484,2.7444899308795248
1485,2.6335416113756125
1486,2.8195768130759506
1487,2.7560935937093167
1488,2.530269232106582
1489,2.674434909417271
1490,3.1785144985031994
1491,2.732496914485375
1492,2.7422488897744195
1493,3.1931060616044933
1494,3.3031891936857214
1495,3.1297137877889516
1496,2.8249750986722226
1497,2.4396431546342505
1498,2.663587267888801
1499,2.668025491852057
1500,2.647512434136829
1501,2.5059331673222287
1502,2.685676999447256
1503,2.69294472458301
1504,2.62064665122305
1505,2.6662479385393505
1506,2.6509934846341716
1507,2.812891894380022
1508,2.4903340238752794
1509,2.7445985293265767
1510,2.645478088773306
1511,2.6579678724831894
1512,2.709692336097133
1513,2.7673130198440417
1514,2.663158250473867
1515,2.6728144518033425
1516,2.570171457935147
1517,2.6442571914759716
1518,2.5365280249125766
1519,2.6800270000631916
1520,2.506348973807967
1521,2.6649700551040207
1522,2.5890810448006594
1523,2.597872635821348
1524,2.6415842060796804
1525,2.6972517545472177
1526,2.6598355310907995
1527,3.017192840233925
1528,2.611375893899735
1529,2.6958223078970973
1530,2.744060050112319
1531,2.431335554720865
1532,2.4135735294407348
1533,3.0913086671596073
1534,3.1811664136267614
1535,3.0382068176766936
1536,3.1123108657203993
1537,3.3551657973233175
1538,2.5810277606690173
1539,3.290612441212498
1540,2.8792634164893216
1541,2.8123938350308193
1542,2.5501383489449205
1543,2.7924473896977293
1544,2.4276173808805686
1545,2.4276173808805686
1546,3.2118992784430174
1547,2.916685516051679
1548,3.158606086538779
1549,3.304742220646078
1550,2.539057281563629
1551,2.964261744377063
1552,2.6375493953456894
1553,3.100621299943682
1554,2.8466659865600814
1555,2.9682891458403913
1556,2.685043705586344
1557,2.9601162986199436
1558,2.7018234923424824
1559,2.887343512516325
1560,2.8807479694057774
1561,3.1030820242106483
1562,2.825908777463027
1563,2.8695854379546986
1564,2.9478861461451755
1565,2.8030035610993984
1566,2.777266864355159
1567,2.4469907550804404
1568,2.873890703711053
1569,3.1723761118230245
1570,2.9049198672723198
1571,2.4276173808805686
1572,3.11073425745242
1573,2.7250973427243723
1574,2.916685516051679
1575,2.539057281563629
1576,2.6375493953456894
1577,3.100621299943682
1578,2.8466659865600814
1579,2.9682891458403913
1580,2.685043705586344
1581,2.9601162986199436
1582,2.887343512516325
1583,3.1030820242106483
1584,2.825908777463027
1585,2.8695854379546986
1586,2.9478861461451755
1587,2.8030035610993984
1588,2.777266864355159
1589,2.4469907550804404
1590,2.651966125726485
1591,2.873890703711053
1592,3.1723761118230245
1593,2.9049198672723198
1594,2.48372003140663
1595,2.4276173808805686
1596,2.992714077272796
1597,3.2118992784430174
1598,2.8837380859884014
1599,2.916685516051679
1600,3.158606086538779
1601,3.304742220646078
1602,2.964261744377063
1603,2.6375493953456894
1604,3.100621299943682
1605,2.8466659865600814
1606,2.685043705586344
1607,2.9601162986199436
1608,2.887343512516325
1609,3.1030820242106483
1610,2.825908777463027
1611,2.8695854379546986
1612,2.9478861461451755
1613,2.8030035610993984
1614,2.4469907550804404
1615,2.651966125726485
1616,2.873890703711053
1617,3.1723761118230245
1618,2.9049198672723198
1619,3.230859489727483
1620,3.652116316068608
1621,3.8568296052817987
1622,3.492992890422025
1623,2.783521209507014
1624,3.838452491627321
1625,3.430126862784832
1626,3.2515529994414454
1627,3.149392688245971
1628,3.7324299304963744
1629,3.32754828719487
1630,3.20758449075639
1631,3.387826945333027
1632,3.9979369996420058
1633,3.4880370198743926
1634,3.5875846904695083
1635,3.1097383914266934
1636,3.8568296052817987
1637,2.783521209507014
1638,3.838452491627321
1639,3.483373052051911
1640,3.430126862784832
1641,3.6494396175972716
1642,3.5882517937751155
1643,3.387826945333027
1644,3.2413655350317208
1645,3.1164696284568847
1646,3.230859489727483
1647,3.8568296052817987
1648,2.997295098871313
1649,3.324720682544559
1650,3.4250786522353835
1651,2.7901889751776023
1652,3.364284847797723
1653,3.400053998944751
1654,3.2298092753018612
1655,3.315703644944296
1656,3.5746351584516316
1657,3.218018426685899
1658,3.346305904542932
1659,3.1532694156984187
1660,3.515421298863871
1661,3.315703644944296
1662,2.7901889751776023
1663,2.9371744576861842
1664,3.324720682544559
1665,3.4250786522353835
1666,3.400053998944751
1667,2.7901889751776023
1668,3.364284847797723
1669,2.9371744576861842
1670,3.315703644944296
1671,3.346305904542932
1672,3.515421298863871
1673,3.1219724068871404
1674,3.1463335050823575
1675,3.226112764889343
1676,3.2706186527012364
1677,3.289993597459803
1678,2.6956434594424845
1679,3.2483755616607852
1680,2.8085742716275566
1681,3.035572885907786
1682,3.5815392325451443
1683,3.3409229233921267
1684,3.562815619452579
1685,3.4291683577096808
1686,3.1042224696065497
1687,3.41427979297512
1688,3.1410484864514396
1689,3.2803537795499036
1690,3.3420104300994398
1691,3.328610029820297
1692,3.3577581230863123
1693,2.895039788561524
1694,3.3409229233921267
1695,3.562815619452579
1696,3.4291683577096808
1697,3.2694410753435625
1698,3.249144425284682
1699,3.1042224696065497
1700,3.1517324876613655
1701,3.2803537795499036
1702,3.3420104300994398
1703,3.2773325317690296
1704,3.4419785598973
1705,3.294546745119811
1706,3.340709738559624
1707,3.364925888217721
1708,3.296451038319404
1709,3.13864758803429
1710,3.2631489571359626
1711,3.0519407874390025
1712,3.1525458034605327
1713,2.9685356077026173
1714,3.2243067548057214
1715,3.0881494784484858
1716,3.0763098865350904
