id,date,season_id,year,month,is_holiday,weekday,is_workingday,weather_condition,temperature,feels_like_temp,humidity,wind_speed,total_users
577,31-07-2019,3,1,7,0,2,1,1,29.246653,33.1448,70.4167,11.083475,7216
427,03-03-2019,1,1,3,0,6,0,2,16.980847,20.6746,62.125,10.792293,4066
729,30-12-2019,1,1,12,0,0,0,1,10.489153,11.585,48.3333,23.500518,1796
483,28-04-2019,2,1,4,0,6,0,2,15.443347,18.8752,48.9583,8.708325,4220
112,22-04-2018,2,0,4,0,5,1,2,13.803347,16.0977,72.9583,14.707907,1683
581,04-08-2019,3,1,8,0,6,0,1,32.526653,37.56335,61.3333,17.249686,6824
501,16-05-2019,2,1,5,0,3,1,1,26.103347,29.79875,69.7917,8.208304,7424
480,25-04-2019,2,1,4,0,3,1,1,19.543347,23.51585,42.7917,7.959064,6196
473,18-04-2019,2,1,4,0,3,1,2,18.996653,22.8519,56.9167,11.250104,4367
456,01-04-2019,2,1,4,0,0,0,2,17.459153,20.86435,67.625,11.541889,6041
637,29-09-2019,4,1,9,0,6,0,1,22.2425,26.5148,54.2917,15.249468,8555
225,13-08-2018,3,0,8,0,6,0,2,28.119153,32.2929,72.9583,14.167418,4150
459,04-04-2019,2,1,4,0,3,1,1,22.208347,26.6725,46.9583,12.125325,6436
245,02-09-2018,3,0,9,0,5,1,2,26.376653,30.2404,72.7083,9.375243,4727
628,20-09-2019,3,1,9,0,4,1,1,22.413347,26.6096,61.8333,7.917189,7720
596,19-08-2019,3,1,8,0,0,0,2,26.069153,30.1777,71.1667,5.79215,4549
141,21-05-2018,2,0,5,0,6,0,1,24.7025,28.59875,62.6667,8.08355,5805
455,31-03-2019,2,1,3,0,6,0,2,17.390847,21.0854,73.8333,16.791339,6235
163,12-06-2018,2,0,6,0,0,0,1,28.3925,32.16625,74.7917,10.958989,4460
232,20-08-2018,3,0,8,0,6,0,1,28.5975,32.4498,67.4167,6.999289,5191
689,20-11-2019,4,1,11,0,2,1,2,15.340847,19.03335,68.5,5.542575,5634
660,22-10-2019,4,1,10,0,1,1,1,19.9875,24.1471,56.8333,5.4593811,7058
697,28-11-2019,4,1,11,0,3,1,1,12.163347,14.4881,50.625,14.125007,5260
321,17-11-2018,4,0,11,0,4,1,2,14.008347,16.16105,57.5833,20.459254,3053
535,19-06-2019,2,1,6,0,2,1,1,28.221653,32.7346,69.0,9.917139,6825
137,17-05-2018,2,0,5,0,2,1,2,23.028347,26.92645,83.7917,18.582718,4123
569,23-07-2019,3,1,7,0,1,1,1,30.408347,34.50085,69.4167,9.291761,6966
475,20-04-2019,2,1,4,0,5,1,1,21.593347,25.78875,69.4583,10.041357,7290
207,26-07-2018,3,0,7,0,2,1,1,31.638347,34.84895,54.0833,13.417286,4590
428,04-03-2019,1,1,3,0,0,0,1,13.359153,15.15105,40.3333,22.416257,3423
289,16-10-2018,4,0,10,0,0,0,1,20.978347,25.1577,48.6667,18.875039,5041
448,24-03-2019,2,1,3,0,6,0,2,20.6025,24.33665,88.5417,12.916461,3372
260,17-09-2018,3,0,9,0,6,0,2,20.158347,23.9256,71.8333,12.708225,4511
175,24-06-2018,3,0,6,0,5,1,1,29.690847,32.82915,57.3333,14.875675,4991
268,25-09-2018,4,0,9,0,0,0,2,26.000847,28.63185,84.5,3.3754064,5010
328,24-11-2018,4,0,11,1,4,0,1,15.306653,18.62355,54.9167,11.209368,1495
403,07-02-2019,1,1,2,0,2,1,1,14.520847,18.0552,49.625,9.874393,4375
591,14-08-2019,3,1,8,0,2,1,1,29.793347,33.83895,68.6667,11.333586,6784
610,02-09-2019,3,1,9,0,0,0,2,28.563347,32.45,81.5,4.2927436,5810
705,06-12-2019,4,1,12,0,4,1,1,10.489153,12.9102,50.875,11.708518,5375
377,12-01-2019,1,1,1,0,4,1,2,15.6825,19.0969,80.2917,12.124789,4097
366,01-01-2019,1,1,1,0,0,0,1,15.17,18.78105,69.25,12.875189,2294
16,16-01-2018,1,0,1,0,0,0,1,9.498347,11.71085,48.375,12.625011,1204
657,19-10-2019,4,1,10,0,5,1,2,23.096653,26.8948,81.5,9.041918,5424
640,02-10-2019,4,1,10,0,2,1,3,24.224153,27.11665,87.1667,6.999825,4639
471,16-04-2019,2,1,4,1,1,0,1,27.230847,30.74625,56.1667,19.083543,6370
562,16-07-2019,3,1,7,0,1,1,1,31.296653,36.20625,64.5,11.000529,6830
681,12-11-2019,4,1,11,1,1,0,1,19.885,23.76915,74.1667,11.625639,6269
592,15-08-2019,3,1,8,0,3,1,1,28.973347,32.70185,61.9583,11.374657,7347
241,29-08-2018,3,0,8,0,1,1,1,26.103347,30.3979,55.4583,10.708275,4634
598,21-08-2019,3,1,8,0,2,1,1,26.615847,30.05125,67.375,4.8756436,7006
719,20-12-2019,4,1,12,0,4,1,2,13.53,16.76085,66.7917,8.875021,4128
116,26-04-2018,2,0,4,0,2,1,1,25.898347,29.70415,72.9167,21.8755,4400
566,20-07-2019,3,1,7,0,5,1,2,27.299153,30.65125,84.4167,14.000789,5870
155,04-06-2018,2,0,6,0,6,0,1,26.035,29.7348,45.625,8.250514,5342
472,17-04-2019,2,1,4,0,2,1,1,24.941653,29.92435,39.0417,18.333143,6691
242,30-08-2018,3,0,8,0,2,1,1,26.205847,29.7352,54.8333,8.375536,5204
553,07-07-2019,3,1,7,0,6,0,1,35.328347,40.24565,49.2083,10.958118,4840
652,14-10-2019,4,1,10,0,0,0,1,21.388347,25.4102,64.0417,18.667004,6639
385,20-01-2019,1,1,1,0,5,1,2,8.9175,11.0479,45.0,13.58425,3163
316,12-11-2018,4,0,11,0,6,0,1,14.623347,17.8971,55.2917,14.208154,4067
485,30-04-2019,2,1,4,0,1,1,2,19.030847,22.8848,57.0,11.499746,5572
355,21-12-2018,1,0,12,0,3,1,2,17.561653,21.40085,85.8333,14.8338,2660
710,11-12-2019,4,1,12,0,2,1,2,14.486653,16.91815,59.6667,19.834479,5501
614,06-09-2019,3,1,9,0,4,1,2,28.563347,32.76645,81.0417,9.542207,6203
695,26-11-2019,4,1,11,0,1,1,1,12.846653,16.9502,53.5417,3.12555,5087
231,19-08-2018,3,0,8,0,5,1,2,28.085,31.66105,72.2917,9.333636,4153
286,13-10-2018,4,0,10,0,4,1,2,24.155847,27.5902,89.6667,9.499729,2913
561,15-07-2019,3,1,7,0,0,0,1,30.579153,35.2598,71.7917,11.166689,6031
611,03-09-2019,3,1,9,1,1,0,1,29.0075,33.08145,79.0833,10.125107,6034
335,01-12-2018,4,0,12,0,4,1,1,12.8125,15.2777,52.4583,14.750586,3727
595,18-08-2019,3,1,8,0,6,0,1,27.811653,30.90355,60.3333,11.917089,7865
28,28-01-2018,1,0,1,0,5,1,2,8.342598,11.16585,79.3043,8.2611,1167
672,03-11-2019,4,1,11,0,6,0,2,14.076653,16.1923,49.125,18.125443,5138
97,07-04-2018,2,0,4,0,4,1,1,17.9375,21.6848,60.2917,10.874904,3141
6,06-01-2018,1,0,1,0,4,1,1,8.378268,11.66045,51.8261,6.0008684,1606
271,28-09-2018,4,0,9,0,3,1,2,26.035,28.7579,84.875,9.958143,3907
200,19-07-2018,3,0,7,0,2,1,1,31.843347,37.37395,65.0417,8.7502,4541
417,21-02-2019,1,1,2,0,2,1,1,11.800866,14.75565,59.4348,13.783039,3777
178,27-06-2018,3,0,6,0,1,1,2,27.9825,31.8502,65.8333,7.208396,4708
167,16-06-2018,2,0,6,0,4,1,2,25.761653,29.7673,68.8333,13.833557,3767
394,29-01-2019,1,1,1,0,0,0,1,11.5825,13.63605,31.125,16.08335,3243
285,12-10-2018,4,0,10,0,3,1,3,22.276653,25.88585,90.625,16.62605,2416
33,02-02-2018,1,0,2,0,3,1,2,10.66,12.72085,77.5417,17.708636,1526
331,27-11-2018,4,0,11,0,0,0,1,18.825847,22.79,69.8333,13.999918,3071
294,21-10-2018,4,0,10,0,5,1,1,17.5275,21.1798,57.4167,14.833532,4304
209,28-07-2018,3,0,7,0,4,1,1,31.945847,36.995,58.3333,11.958093,4390
85,26-03-2018,2,0,3,0,6,0,1,10.899153,12.87855,39.4167,14.041257,2496
38,07-02-2018,1,0,2,0,1,1,1,11.138347,15.1829,73.8333,3.0423561,1712
7,07-01-2018,1,0,1,0,5,1,2,8.057402,10.44195,49.8696,11.304642,1510
258,15-09-2018,3,0,9,0,4,1,2,23.6775,27.68355,70.9167,18.166782,3659
530,14-06-2019,2,1,6,0,4,1,1,26.581653,31.21915,56.9583,17.000111,7363
450,26-03-2019,2,1,3,0,1,1,1,18.279153,21.9375,47.7917,25.917007,5558
267,24-09-2018,4,0,9,0,6,0,2,24.873347,28.2206,86.25,5.2516811,5423
52,21-02-2018,1,0,2,1,1,0,2,12.436653,14.20375,60.5,20.625682,1107
360,26-12-2018,1,0,12,1,1,0,1,13.191299,15.77675,50.6957,16.044155,1317
283,10-10-2018,4,0,10,1,1,0,1,23.404153,27.14625,73.375,2.8343814,5117
413,17-02-2019,1,1,2,0,5,1,1,14.076653,17.58145,63.4583,13.791682,4154
121,01-05-2018,2,0,5,0,0,0,2,18.518347,22.4102,76.2083,7.125718,3351
320,16-11-2018,4,0,11,0,3,1,3,18.723347,22.5994,93.0,9.167543,1817
708,09-12-2019,4,1,12,0,0,0,2,15.750847,19.5073,90.5417,10.584325,3228
359,25-12-2018,1,0,12,0,0,0,1,11.266103,13.99805,68.1304,10.391097,754
91,01-04-2018,2,0,4,0,5,1,2,12.3,14.1727,68.625,17.333436,2227
599,22-08-2019,3,1,8,0,3,1,1,27.3675,31.0927,67.7083,4.7089811,7375
552,06-07-2019,3,1,7,0,5,1,1,33.961653,37.62665,45.0833,9.791514,6207
63,04-03-2018,1,0,3,0,5,1,2,10.728347,12.78395,61.0417,13.624182,1944
51,20-02-2018,1,0,2,0,0,0,1,11.693897,13.8665,40.7826,14.956745,1812
188,07-07-2018,3,0,7,0,4,1,1,30.75,34.34355,65.125,10.6664,4592
625,17-09-2019,3,1,9,0,1,1,2,23.814153,27.6525,73.4583,10.166714,6869
662,24-10-2019,4,1,10,0,3,1,1,24.0875,27.93605,63.625,4.8762064,7693
298,25-10-2018,4,0,10,0,2,1,1,19.338347,23.16875,62.2917,11.166086,4687
92,02-04-2018,2,0,4,0,6,0,2,12.915,15.78185,65.375,13.208782,2252
2,02-01-2018,1,0,1,0,0,0,2,14.902598,17.68695,69.6087,16.652113,801
463,08-04-2019,2,1,4,0,0,0,1,20.5,24.62125,27.5833,15.583932,5169
93,03-04-2018,2,0,4,0,0,0,1,15.511653,18.93835,48.0,12.208271,3249
44,13-02-2018,1,0,2,0,0,0,1,12.977402,16.20565,45.7391,17.479161,1589
690,21-11-2019,4,1,11,0,3,1,1,14.486653,18.2446,61.375,6.917482,5146
48,17-02-2018,1,0,2,0,4,1,1,17.869153,21.4329,50.5,15.416968,2475
346,12-12-2018,4,0,12,0,1,1,1,9.771653,13.5098,67.0833,4.25115,3310
264,21-09-2018,3,0,9,0,3,1,2,24.395,27.52665,90.0,6.4590814,4352
24,24-01-2018,1,0,1,0,1,1,1,3.9930433,5.8965,49.1739,10.60811,1416
339,05-12-2018,4,0,12,0,1,1,2,15.819153,19.69625,82.7083,4.1679561,3811
21,21-01-2018,1,0,1,0,5,1,1,7.2775,7.89165,45.7083,23.667214,1543
568,22-07-2019,3,1,7,0,0,0,2,27.3675,31.15625,76.25,6.2926936,7410
674,05-11-2019,4,1,11,0,1,1,1,13.085847,15.40375,49.4167,15.833775,5259
334,30-11-2018,4,0,11,0,3,1,1,13.325,15.56105,61.3333,18.167586,3613
256,13-09-2018,3,0,9,0,2,1,1,26.684153,30.1777,71.25,9.500868,4763
130,10-05-2018,2,0,5,0,2,1,1,21.8325,26.13605,48.9167,7.749957,4803
191,10-07-2018,3,0,7,0,0,0,1,30.6475,34.50125,57.8333,12.292557,4881
8,08-01-2018,1,0,1,0,6,0,2,6.765,8.1127,53.5833,17.875868,959
165,14-06-2018,2,0,6,0,2,1,1,24.770847,29.5773,50.7083,18.041961,4891
67,08-03-2018,1,0,3,0,2,1,1,11.9925,15.12,42.0833,8.08355,2133
237,25-08-2018,3,0,8,0,4,1,2,28.050847,32.2927,77.1667,14.125811,3542
19,19-01-2018,1,0,1,0,3,1,2,11.979134,14.9211,74.1739,13.957239,1650
493,08-05-2019,2,1,5,0,2,1,2,23.848347,27.87355,68.5833,19.833943,5728
534,18-06-2019,2,1,6,0,1,1,2,23.301653,27.2421,77.7917,11.707982,5099
682,13-11-2019,4,1,11,0,2,1,2,14.076653,16.16125,66.2917,22.917082,4094
189,08-07-2018,3,0,7,0,5,1,2,29.075847,33.52415,75.7917,15.083643,4040
375,10-01-2019,1,1,1,0,2,1,1,12.656536,15.9413,64.6522,12.565984,3598
421,25-02-2019,1,1,2,0,6,0,1,11.924153,12.78375,39.5833,28.250014,2732
434,10-03-2019,1,1,3,0,6,0,1,11.7875,13.88835,35.0417,15.12525,4118
108,18-04-2018,2,0,4,0,1,1,1,21.0125,25.1573,54.25,10.958989,3429
701,02-12-2019,4,1,12,0,0,0,2,14.2475,17.9604,82.3333,8.333393,4649
556,10-07-2019,3,1,7,0,2,1,2,29.554153,33.2398,66.75,10.166379,6290
698,29-11-2019,4,1,11,0,4,1,1,11.51567,14.9211,55.5652,7.739974,5323
418,22-02-2019,1,1,2,0,3,1,1,16.229153,19.63335,56.7917,15.709557,4773
56,25-02-2018,1,0,2,0,5,1,2,14.938268,17.52305,71.2174,23.218113,1461
389,24-01-2019,1,1,1,0,2,1,1,14.0425,17.4554,83.5833,8.292389,4339
147,27-05-2018,2,0,5,0,5,1,1,27.948347,31.8504,65.375,16.125493,4679
593,16-08-2019,3,1,8,0,4,1,1,29.485847,32.7344,51.9167,9.500332,7605
62,03-03-2018,1,0,3,0,4,1,1,8.131653,10.00665,31.8333,15.125518,1685
667,29-10-2019,4,1,10,0,1,1,3,18.04,21.97,88.0,23.9994,22
702,03-12-2019,4,1,12,0,1,1,1,18.5525,22.7898,76.75,5.5422936,6234
356,22-12-2018,1,0,12,0,4,1,2,17.356653,21.30605,75.75,3.167425,3068
333,29-11-2018,4,0,11,0,2,1,2,18.791653,22.56875,83.0833,17.292164,2914
487,02-05-2019,2,1,5,0,3,1,1,23.130847,26.8948,79.7083,9.249886,6169
664,26-10-2019,4,1,10,0,5,1,2,22.379153,26.1375,80.7083,8.875289,7444
233,21-08-2018,3,0,8,0,0,0,1,29.144153,33.77625,77.0,16.666518,3873
179,28-06-2018,3,0,6,0,2,1,1,30.510847,34.6279,63.4167,9.666961,4648
490,05-05-2019,2,1,5,0,6,0,2,25.488347,29.2304,75.6667,10.250464,6883
544,28-06-2019,3,1,6,0,4,1,1,30.715847,33.7756,42.25,11.50055,6879
303,30-10-2018,4,0,10,0,0,0,1,13.085847,16.06645,62.375,11.833339,3331
307,03-11-2018,4,0,11,0,4,1,1,16.741653,20.29605,70.2083,9.166739,3974
379,14-01-2019,1,1,1,0,6,0,1,7.38,9.15435,45.75,12.541261,2493
661,23-10-2019,4,1,10,0,2,1,1,22.310847,26.5152,64.1667,6.3345686,7466
243,31-08-2018,3,0,8,0,3,1,1,26.923347,30.55605,59.7917,5.5833311,5058
494,09-05-2019,2,1,5,0,3,1,2,23.575,27.65125,74.4167,14.499604,4717
276,03-10-2018,4,0,10,0,1,1,2,15.750847,19.6023,76.0833,5.5841686,3570
36,05-02-2018,1,0,2,0,6,0,2,9.566653,12.1529,92.9167,10.792293,1005
29,29-01-2018,1,0,1,0,6,0,1,8.057402,10.6063,65.1739,9.739455,1098
445,21-03-2019,2,1,3,0,3,1,2,21.798347,25.6629,82.125,6.0004061,6230
135,15-05-2018,2,0,5,0,0,0,2,23.0625,26.8,86.7083,10.249593,4553
684,15-11-2019,4,1,11,0,4,1,2,13.188347,16.2246,62.0417,10.250129,5445
716,17-12-2019,4,1,12,0,1,1,2,16.126653,20.075,90.7083,6.5833061,4585
441,17-03-2019,1,1,3,0,6,0,2,21.080847,25.2523,75.5833,7.417168,7836
250,07-09-2018,3,0,9,0,3,1,3,24.565847,27.21145,91.7083,6.5003936,1996
343,09-12-2018,4,0,12,0,5,1,1,11.924153,15.8771,69.5833,5.5420189,3620
353,19-12-2018,4,0,12,0,1,1,1,11.343347,14.04665,63.75,11.584032,3403
34,03-02-2018,1,0,2,0,4,1,1,7.665237,8.8939,43.7826,18.609384,1550
180,29-06-2018,3,0,6,0,3,1,1,29.861653,32.7344,49.7917,17.542007,5225
517,01-06-2019,2,1,6,0,5,1,2,26.820847,30.3981,75.5417,15.916721,4127
600,23-08-2019,3,1,8,0,4,1,1,28.529153,31.8504,63.5833,5.6679186,7765
608,31-08-2019,3,1,8,0,5,1,1,31.330847,34.47,58.75,11.291711,7350
330,26-11-2018,4,0,11,0,6,0,1,15.409153,19.25435,68.1667,4.5841936,3068
676,07-11-2019,4,1,11,0,3,1,2,12.129153,13.73105,54.75,20.375236,5035
22,22-01-2018,1,0,1,0,6,0,1,2.4243464,3.95348,40.0,11.52199,981
584,07-08-2019,3,1,8,0,2,1,2,30.169153,34.88105,70.375,7.832836,7273
89,30-03-2018,2,0,3,0,3,1,2,12.3,14.8675,64.6667,11.583496,1536
538,22-06-2019,3,1,6,0,5,1,1,31.8775,36.20605,57.375,12.250414,5823
381,16-01-2019,1,1,1,1,1,0,1,7.79,9.53315,52.25,15.500986,2298
645,07-10-2019,4,1,10,0,0,0,2,17.049153,20.99065,70.8333,9.457854,3510
601,24-08-2019,3,1,8,0,5,1,2,28.8025,32.355,61.5,4.8337686,7582
338,04-12-2018,4,0,12,0,0,0,1,13.564153,17.455,77.5833,5.6252061,3485
230,18-08-2018,3,0,8,0,4,1,1,29.178347,33.1129,65.4583,15.624936,3805
446,22-03-2019,2,1,3,0,4,1,1,22.720847,26.57835,83.125,7.876654,6871
707,08-12-2019,4,1,12,0,6,0,2,15.648347,19.4754,91.125,6.792393,5582
332,28-11-2018,4,0,11,0,1,1,1,20.642598,24.5061,74.3043,9.522174,3867
426,02-03-2019,1,1,3,0,5,1,2,14.486653,17.9921,65.7083,9.708568,3194
423,27-02-2019,1,1,2,0,1,1,1,15.033347,17.8977,49.0833,17.958211,4322
341,07-12-2018,4,0,12,0,3,1,3,16.81,20.0123,97.0417,17.833725,705
580,03-08-2019,3,1,8,0,5,1,2,31.399153,36.14335,64.25,14.458064,7175
247,04-09-2018,3,0,9,0,0,0,1,29.075847,33.27145,74.2083,13.833289,4940
336,02-12-2018,4,0,12,0,5,1,1,12.880847,16.57165,62.5833,6.750518,3940
127,07-05-2018,2,0,5,0,6,0,1,21.32,25.63105,54.125,10.75015,4714
324,20-11-2018,4,0,11,0,0,0,2,18.996653,22.8529,68.4583,12.45865,3520
506,21-05-2019,2,1,5,0,1,1,2,24.531653,28.28335,81.125,15.624668,4359
138,18-05-2018,2,0,5,0,3,1,2,22.55,26.3579,87.0,13.499964,3855
46,15-02-2018,1,0,2,0,2,1,1,10.909567,12.7137,31.4348,19.522058,1815
65,06-03-2018,1,0,3,0,0,0,2,15.437402,18.3126,94.8261,23.000229,605
578,01-08-2019,3,1,8,0,3,1,1,29.4175,33.3654,67.75,9.458993,7580
262,19-09-2018,3,0,9,0,1,1,2,22.515847,26.48375,69.0,10.166714,4539
218,06-08-2018,3,0,8,0,6,0,2,29.383347,33.8077,75.5,15.29275,4294
372,07-01-2019,1,1,1,0,6,0,1,16.126653,19.53895,53.1667,11.708786,4521
376,11-01-2019,1,1,1,0,3,1,2,11.240847,14.14105,84.75,8.791807,2177
388,23-01-2019,1,1,1,0,1,1,2,8.951653,12.1529,91.125,7.417436,2432
609,01-09-2019,3,1,9,0,6,0,2,30.886653,35.1327,63.8333,7.583529,6140
495,10-05-2019,2,1,5,0,4,1,1,20.739153,24.58915,55.2083,21.042221,6572
623,15-09-2019,3,1,9,0,6,0,1,24.941653,29.29335,50.1667,16.583907,8714
210,29-07-2018,3,0,7,0,5,1,1,34.371653,39.29835,54.25,11.667246,3846
709,10-12-2019,4,1,12,0,1,1,2,17.869153,21.77875,92.5,12.750636,5170
122,02-05-2018,2,0,5,0,1,1,2,22.515847,26.64165,73.0,12.291418,4401
81,22-03-2018,2,0,3,0,2,1,1,18.108347,22.0321,62.4583,15.12525,2703
721,22-12-2019,1,1,12,0,6,0,1,10.899153,11.80565,44.125,27.292182,1749
431,07-03-2019,1,1,3,0,3,1,1,16.570847,19.255,51.3333,23.167193,4916
435,11-03-2019,1,1,3,0,0,0,1,14.831299,17.9835,47.6957,14.913329,4911
502,17-05-2019,2,1,5,0,4,1,1,24.326653,28.63065,52.0,15.374825,7384
633,25-09-2019,4,1,9,0,2,1,1,22.55,27.20895,57.0,15.833507,7538
302,29-10-2018,4,0,10,0,6,0,3,10.420847,11.39565,88.25,23.541857,627
673,04-11-2019,4,1,11,0,0,0,1,13.359153,16.4769,53.2917,12.000236,5107
168,17-06-2018,2,0,6,0,5,1,1,26.615847,30.01915,73.5833,9.582943,4844
102,12-04-2018,2,0,4,0,2,1,2,20.6025,24.6527,73.9167,18.416893,2034
582,05-08-2019,3,1,8,0,0,0,1,31.535847,36.55395,65.25,19.458207,5464
327,23-11-2018,4,0,11,0,3,1,2,18.074153,21.52685,75.7917,22.500275,2566
500,15-05-2019,2,1,5,0,2,1,2,25.078347,28.8202,79.4583,9.875264,5115
704,05-12-2019,4,1,12,0,3,1,1,17.971653,21.4006,48.5,21.709407,5729
211,30-07-2018,3,0,7,0,6,0,1,32.970847,36.42685,46.5833,11.291979,4475
111,21-04-2018,2,0,4,0,4,1,1,18.825847,22.6946,40.7083,21.792286,4189
159,08-06-2018,2,0,6,0,3,1,1,31.809153,36.36395,62.2083,9.166739,4401
541,25-06-2019,3,1,6,0,1,1,1,29.349153,32.7021,50.4167,20.125661,6779
378,13-01-2019,1,1,1,0,5,1,1,11.240847,12.4681,50.75,25.333236,3214
606,29-08-2019,3,1,8,0,3,1,1,28.085,31.78665,55.2083,7.541654,7697
648,10-10-2019,4,1,10,0,3,1,1,21.080847,25.1571,63.0833,12.584007,7691
252,09-09-2018,3,0,9,0,5,1,2,26.65,28.9473,89.7917,8.333393,3544
457,02-04-2019,2,1,4,0,1,1,1,17.790433,21.37565,50.4348,20.913313,5936
634,26-09-2019,4,1,9,0,3,1,1,26.035,29.83065,63.0833,16.3748,7733
519,03-06-2019,2,1,6,0,0,0,1,24.7025,28.75665,49.3333,12.333829,7641
362,28-12-2018,1,0,12,0,3,1,1,12.26433,13.9987,50.3913,19.695387,2302
482,27-04-2019,2,1,4,0,5,1,1,18.7575,22.63185,40.0833,23.291411,6233
391,26-01-2019,1,1,1,0,4,1,2,14.008347,17.8025,76.9583,4.9175186,4075
540,24-06-2019,3,1,6,0,0,0,1,30.476653,33.7127,47.9167,9.750175,6891
113,23-04-2018,2,0,4,0,6,0,2,18.86,22.50605,88.7917,15.458575,4036
575,29-07-2019,3,1,7,0,0,0,1,29.588347,33.39665,62.375,11.416532,6597
444,20-03-2019,1,1,3,0,2,1,1,22.994153,26.92665,80.7917,8.125157,6093
203,22-07-2018,3,0,7,0,5,1,1,34.781653,42.0448,58.0417,8.9177,3387
484,29-04-2019,2,1,4,0,0,0,1,18.791653,22.50605,58.7083,7.832836,6304
554,08-07-2019,3,1,7,0,0,0,1,33.7225,39.5198,57.375,8.417143,4672
597,20-08-2019,3,1,8,0,1,1,2,26.069153,29.79835,73.4167,8.708593,6530
699,30-11-2019,4,1,11,0,5,1,1,12.231653,16.19335,64.9583,3.9175436,5668
374,09-01-2019,1,1,1,0,1,1,2,9.190847,12.37395,70.1667,6.6263,2376
86,27-03-2018,2,0,3,0,0,0,2,10.374763,12.51695,49.3913,12.3481,1693
272,29-09-2018,4,0,9,0,4,1,1,25.283347,28.7256,69.9167,11.583161,4839
548,02-07-2019,3,1,7,0,1,1,1,32.048347,35.1019,44.7083,13.082889,6227
61,02-03-2018,1,0,3,0,3,1,1,13.735,16.00355,44.9583,20.624811,2134
612,04-09-2019,3,1,9,0,2,1,1,29.759153,34.3444,75.5,15.833507,6864
469,14-04-2019,2,1,4,0,6,0,1,20.295,24.3998,50.2917,12.791439,7460
512,27-05-2019,2,1,5,0,0,0,1,28.29,32.07125,69.7083,14.416457,6591
465,10-04-2019,2,1,4,0,2,1,1,18.313347,21.81165,43.5,16.708125,5918
533,17-06-2019,2,1,6,0,0,0,1,24.2925,28.59875,59.875,9.708568,6978
11,11-01-2018,1,0,1,0,2,1,2,6.932731,9.5732,68.6364,8.182844,1263
549,03-07-2019,3,1,7,0,2,1,1,32.014153,35.1325,49.2083,8.457879,6660
369,04-01-2019,1,1,1,0,3,1,2,4.4075,5.96685,41.4583,12.3749,2368
282,09-10-2018,4,0,10,0,0,0,1,22.174153,26.19915,72.75,4.25115,5511
624,16-09-2019,3,1,9,0,0,0,1,23.78,28.15625,57.0,6.0422811,7333
248,05-09-2018,3,0,9,1,1,0,2,27.606653,31.2823,79.0417,14.250632,3351
693,24-11-2019,4,1,11,0,6,0,1,11.411653,12.4371,40.4583,25.250357,2277
602,25-08-2019,3,1,8,0,6,0,2,27.128347,30.9348,71.2917,16.375336,6053
425,01-03-2019,1,1,3,0,4,1,1,19.919153,23.76855,61.5417,15.208129,4990
9,09-01-2018,1,0,1,0,0,0,1,5.671653,5.80875,43.4167,24.25065,822
60,01-03-2018,1,0,3,0,2,1,1,10.933347,13.19395,53.5,14.500475,1851
235,23-08-2018,3,0,8,0,2,1,1,26.274153,30.30335,45.5417,9.833121,5895
152,01-06-2018,2,0,6,0,3,1,2,31.330847,36.04835,67.7083,13.875164,3974
345,11-12-2018,4,0,12,0,0,0,1,9.054153,12.6577,49.0,4.4582939,2743
587,10-08-2019,3,1,8,0,5,1,2,29.349153,33.3971,71.5833,16.000471,5786
144,24-05-2018,2,0,5,0,2,1,2,27.06,30.24065,74.0833,13.875164,4492
162,11-06-2018,2,0,6,0,6,0,1,29.725,33.9019,65.4583,10.37495,4966
398,02-02-2019,1,1,2,0,4,1,2,16.365847,19.94855,67.2917,12.541529,3761
429,05-03-2019,1,1,3,0,1,1,1,9.976653,12.05855,50.625,15.333486,3333
309,05-11-2018,4,0,11,0,6,0,1,13.393347,16.1927,51.9167,12.667154,3926
477,22-04-2019,2,1,4,0,0,0,3,16.263347,19.4752,83.5417,23.084582,1027
464,09-04-2019,2,1,4,0,1,1,1,20.055847,23.8319,31.75,23.999132,5585
670,01-11-2019,4,1,11,0,4,1,2,14.999153,18.4971,58.1667,10.542182,5986
520,04-06-2019,2,1,6,0,1,1,1,24.4975,28.91415,48.7083,19.083811,6998
518,02-06-2019,2,1,6,0,6,0,1,23.916653,28.3144,54.9167,12.499654,8120
133,13-05-2018,2,0,5,0,5,1,2,21.0125,24.715,86.3333,12.041575,4105
27,27-01-2018,1,0,1,0,4,1,1,7.995,10.985,68.75,7.627079,431
292,19-10-2018,4,0,10,0,3,1,3,22.211299,25.6924,89.5217,16.303713,2424
293,20-10-2018,4,0,10,0,4,1,1,19.509153,23.32625,63.625,28.292425,4195
40,09-02-2018,1,0,2,0,3,1,2,5.526103,7.21415,49.4783,12.652213,1605
205,24-07-2018,3,0,7,0,0,0,1,34.03,39.74145,55.0833,11.334457,3606
588,11-08-2019,3,1,8,0,6,0,2,28.3925,31.91335,73.2917,13.834093,6299
589,12-08-2019,3,1,8,0,0,0,1,28.734153,32.22895,53.0417,8.208304,6544
344,10-12-2018,4,0,12,0,6,0,1,11.275,13.3206,50.75,15.625807,3190
567,21-07-2019,3,1,7,0,6,0,3,24.429153,27.4956,86.5417,14.2911,4459
546,30-06-2019,3,1,6,0,6,0,1,31.365,34.3754,60.125,10.791757,5687
66,07-03-2018,1,0,3,0,1,1,1,10.731299,11.92305,55.1304,22.870584,1872
572,26-07-2019,3,1,7,0,4,1,1,31.843347,36.96315,59.6667,19.082471,6861
712,13-12-2019,4,1,12,0,4,1,1,12.129153,14.7094,48.5833,11.666643,5532
323,19-11-2018,4,0,11,0,6,0,1,13.495847,16.22415,50.2083,15.041232,3663
358,24-12-2018,1,0,12,0,6,0,1,12.4025,14.9621,54.25,12.750368,1011
129,09-05-2018,2,0,5,0,1,1,1,21.8325,26.2623,58.875,11.792,4362
166,15-06-2018,2,0,6,0,3,1,1,25.693347,29.3877,47.1667,11.250104,5180
658,20-10-2019,4,1,10,0,6,0,1,19.850847,23.6421,57.2917,7.874979,8090
574,28-07-2019,3,1,7,0,6,0,1,30.989153,34.8802,61.3333,10.54245,6685
399,03-02-2019,1,1,2,0,5,1,1,12.846653,15.4673,52.6667,11.959232,4151
543,27-06-2019,3,1,6,0,3,1,1,28.5975,32.0396,36.0,18.208925,7335
498,13-05-2019,2,1,5,0,0,0,1,25.1125,29.2619,57.625,15.082839,6118
297,24-10-2018,4,0,10,0,1,1,1,18.996653,22.85335,77.2083,7.959064,4187
295,22-10-2018,4,0,10,0,6,0,1,17.3225,21.2746,62.9167,6.2086689,4308
621,13-09-2019,3,1,9,0,4,1,1,25.1125,28.9779,63.7083,5.5422936,7804
305,01-11-2018,4,0,11,0,2,1,1,16.434153,19.8544,68.375,9.083257,4068
124,04-05-2018,2,0,5,0,3,1,2,16.980847,20.2325,73.7083,22.042732,2633
499,14-05-2019,2,1,5,0,1,1,2,23.506653,27.495,78.9583,14.250364,2843
717,18-12-2019,4,1,12,0,2,1,1,16.844153,20.4854,66.625,14.834068,5557
72,13-03-2018,1,0,3,0,0,0,1,15.758268,19.00455,52.7391,18.130468,2417
120,30-04-2018,2,0,4,0,6,0,1,19.3725,23.20105,50.3333,15.750025,5312
325,21-11-2018,4,0,11,0,1,1,3,18.3475,22.2531,91.0,9.249618,2765
383,18-01-2019,1,1,1,0,3,1,1,12.436653,13.7627,44.3333,27.833743,3376
564,18-07-2019,3,1,7,0,3,1,1,32.526653,37.27915,57.7083,9.208614,5713
713,14-12-2019,4,1,12,0,5,1,1,11.548347,14.7096,64.2917,8.792343,5611
53,22-02-2018,1,0,2,0,2,1,1,7.471102,9.30165,57.7778,13.110761,1450
603,26-08-2019,3,1,8,0,0,0,2,26.786653,29.7998,84.5833,15.333486,5255
306,02-11-2018,4,0,11,0,3,1,1,15.4775,19.50665,71.875,5.5001439,4186
140,20-05-2018,2,0,5,0,5,1,1,22.003347,26.4521,71.9583,8.375871,4917
671,02-11-2019,4,1,11,0,5,1,1,14.555,17.8021,52.2083,17.833725,5847
310,06-11-2018,4,0,11,0,0,0,1,14.281653,18.1179,73.4583,6.1676314,3649
71,12-03-2018,1,0,3,0,6,0,1,13.495847,16.2875,59.4583,14.791925,2132
529,13-06-2019,2,1,6,0,3,1,1,26.889153,30.55585,58.2083,22.999693,7421
466,11-04-2019,2,1,4,0,3,1,1,14.296536,16.8637,46.9565,19.783358,4862
319,15-11-2018,4,0,11,0,2,1,2,21.73,25.37895,68.875,13.375411,4195
259,16-09-2018,3,0,9,0,5,1,2,19.235847,23.07375,59.0417,11.000261,4760
114,24-04-2018,2,0,4,0,0,0,2,23.848347,27.58815,81.0833,12.875725,4191
555,09-07-2019,3,1,7,0,1,1,2,29.144153,32.7027,68.3333,12.125325,6569
357,23-12-2018,1,0,12,0,5,1,1,15.306653,18.87565,68.625,18.374482,2209
665,27-10-2019,4,1,10,0,6,0,2,21.73,25.75665,72.0,15.791364,7852
84,25-03-2018,2,0,3,0,5,1,1,10.830847,12.8156,49.5,15.458575,2210
184,03-07-2018,3,0,7,0,0,0,2,29.383347,33.42875,68.25,15.333486,4649
183,02-07-2018,3,0,7,0,6,0,1,30.271653,33.3654,44.4583,7.709154,5119
145,25-05-2018,2,0,5,0,3,1,1,27.094153,30.7771,69.625,10.333611,4978
691,22-11-2019,4,1,11,1,4,0,1,13.94,17.51855,58.0417,3.5423436,2425
299,26-10-2018,4,0,10,0,3,1,2,19.850847,23.6423,72.0417,9.959014,3894
507,22-05-2019,2,1,5,0,2,1,2,25.215,29.04125,76.5833,7.917189,6073
88,29-03-2018,2,0,3,0,2,1,1,12.4025,14.6454,31.4167,15.208732,2425
314,10-11-2018,4,0,11,0,4,1,2,15.58,18.68605,81.3333,12.667489,2933
659,21-10-2019,4,1,10,0,0,0,1,19.030847,22.82145,51.0,11.125618,6824
12,12-01-2018,1,0,1,0,3,1,1,7.081807,8.02365,59.9545,20.410009,1162
636,28-09-2019,4,1,9,0,5,1,2,25.385847,29.29315,69.0,10.999993,7415
365,31-12-2018,1,0,12,0,6,0,1,16.81,20.70605,61.5833,14.750318,2485
195,14-07-2018,3,0,7,0,4,1,1,27.914153,31.7552,47.625,16.124689,5084
402,06-02-2019,1,1,2,0,1,1,1,11.586969,14.8213,62.2174,10.3046,3784
83,24-03-2018,2,0,3,0,4,1,2,11.685,13.54165,80.5833,16.333729,1865
653,15-10-2019,4,1,10,0,1,1,2,23.028347,26.9575,70.75,19.834479,5875
688,19-11-2019,4,1,11,0,1,1,2,15.614153,18.78105,62.3333,15.749489,5499
75,16-03-2018,1,0,3,0,3,1,2,14.973897,18.3465,77.6522,13.608839,2192
594,17-08-2019,3,1,8,0,5,1,1,29.656653,12.12,57.0833,15.500718,7148
251,08-09-2018,3,0,9,0,4,1,3,25.990433,27.76805,93.9565,12.914116,1842
238,26-08-2018,3,0,8,0,5,1,1,28.7,32.98665,76.125,5.6254875,4661
146,26-05-2018,2,0,5,0,4,1,1,29.041653,32.7344,67.75,13.376014,4677
666,28-10-2019,4,1,10,0,0,0,2,19.5775,23.38855,69.4583,26.666536,4459
131,11-05-2018,2,0,5,0,3,1,1,22.2425,26.42,63.2917,8.083014,4182
576,30-07-2019,3,1,7,0,1,1,1,29.964153,34.24935,66.875,10.292339,7105
515,30-05-2019,2,1,5,0,3,1,2,26.923347,30.55645,67.0,9.000043,6855
700,01-12-2019,4,1,12,0,6,0,2,12.231653,15.8452,80.6667,4.0001814,5191
443,19-03-2019,1,1,3,0,1,1,1,22.345,26.64105,72.875,10.875239,6153
478,23-04-2019,2,1,4,0,1,1,2,13.188347,15.05625,76.6667,20.334232,3214
537,21-06-2019,3,1,6,0,4,1,1,33.039153,37.6271,56.7917,7.958729,5905
169,18-06-2018,2,0,6,0,6,0,1,28.563347,32.1977,67.0417,8.000336,5119
149,29-05-2018,2,0,5,0,0,0,1,27.3675,30.7775,81.875,14.333846,4788
290,17-10-2018,4,0,10,0,1,1,1,21.900847,25.53625,57.9583,11.750393,4570
15,15-01-2018,1,0,1,0,6,0,2,9.566653,12.4056,49.875,10.583521,1248
386,21-01-2019,1,1,1,0,6,0,2,7.106653,8.74375,83.125,14.917014,1301
714,15-12-2019,4,1,12,0,6,0,1,13.290847,16.91915,65.0417,7.12545,5047
78,19-03-2018,1,0,3,0,6,0,1,19.3725,23.32625,37.9167,24.667189,3117
452,28-03-2019,2,1,3,0,3,1,1,19.850847,23.5475,48.125,19.541957,5698
35,04-02-2018,1,0,2,0,5,1,2,8.663464,11.42935,58.5217,8.565213,1708
347,13-12-2018,4,0,12,0,2,1,1,11.5825,15.0569,59.0,9.41685,3523
436,12-03-2019,1,1,3,0,1,1,1,19.133347,22.9796,48.9167,13.916771,5298
390,25-01-2019,1,1,1,0,3,1,1,12.060847,14.74105,64.375,10.791757,4270
586,09-08-2019,3,1,8,0,4,1,1,30.989153,34.9754,62.0417,10.4587,7286
384,19-01-2019,1,1,1,0,4,1,1,7.79,9.5019,49.75,14.750586,3292
58,27-02-2018,1,0,2,0,0,0,1,14.082598,17.55545,68.0,8.391616,2402
246,03-09-2018,3,0,9,0,6,0,1,27.435847,31.66065,71.6667,12.416775,4484
557,11-07-2019,3,1,7,0,3,1,1,29.383347,32.51355,63.3333,10.166111,7264
605,28-08-2019,3,1,8,0,2,1,1,29.861653,33.3025,62.0,12.791975,7040
350,16-12-2018,4,0,12,0,5,1,2,15.375,17.99125,50.0417,17.458525,3577
415,19-02-2019,1,1,2,0,0,0,2,11.48,13.2894,51.5833,16.958504,2689
474,19-04-2019,2,1,4,0,4,1,1,20.431653,24.6523,61.25,4.4172564,6565
139,19-05-2018,2,0,5,0,4,1,2,21.764153,25.5371,82.9583,7.250271,4575
224,12-08-2018,3,0,8,0,5,1,1,29.041653,32.7021,41.5,8.416607,4905
221,09-08-2018,3,0,8,0,2,1,1,31.775,36.20605,57.0417,10.125107,4602
68,09-03-2018,1,0,3,0,3,1,2,12.129153,14.3304,77.5417,14.75005,1891
467,12-04-2019,2,1,4,0,4,1,1,16.2975,19.3802,46.625,19.458743,5409
525,09-06-2019,2,1,6,0,6,0,1,29.144153,32.41835,43.7083,9.667229,7498
17,17-01-2018,1,0,1,1,1,0,2,7.209153,8.83855,53.75,12.999139,1000
430,06-03-2019,1,1,3,0,2,1,1,10.591653,12.7521,45.6667,13.458625,3956
90,31-03-2018,2,0,3,0,4,1,3,11.001653,12.87875,91.8333,14.582282,1685
486,01-05-2019,2,1,5,0,2,1,2,25.146653,28.85105,65.9583,10.458432,5740
687,18-11-2019,4,1,11,0,0,0,1,14.0425,16.8873,69.2917,15.250004,4669
440,16-03-2019,1,1,3,0,5,1,2,17.869153,21.81145,84.2083,7.583864,4378
244,01-09-2018,3,0,9,0,4,1,1,26.855,30.74605,63.9167,9.500332,5115
726,27-12-2019,1,1,12,0,4,1,2,10.420847,11.3321,65.2917,23.458911,2114
287,14-10-2018,4,0,10,0,5,1,2,22.584153,26.48375,71.625,15.000161,3644
620,12-09-2019,3,1,9,0,3,1,1,24.565847,28.50375,57.7083,8.833682,7870
296,23-10-2018,4,0,10,0,0,0,1,17.288347,21.11665,74.125,6.6673375,4381
187,06-07-2018,3,0,7,0,3,1,1,29.52,34.28165,74.3333,10.042161,4629
629,21-09-2019,3,1,9,0,5,1,1,24.565847,28.59855,66.875,10.333343,8167
123,03-05-2018,2,0,5,0,2,1,2,25.283347,29.10395,69.7083,22.958689,4451
263,20-09-2018,3,0,9,0,2,1,2,23.028347,26.61085,88.125,9.041918,3641
439,15-03-2019,1,1,3,0,4,1,1,22.8575,26.64125,57.9583,10.042161,6192
410,14-02-2019,1,1,2,0,2,1,2,13.085847,16.6973,50.875,9.458993,3922
497,12-05-2019,2,1,5,0,6,0,1,23.130847,27.24085,48.0417,8.249911,7429
522,06-06-2019,2,1,6,0,3,1,1,22.720847,27.1146,61.125,5.167375,7055
408,12-02-2019,1,1,2,0,0,0,1,5.2275,5.0829,46.4583,27.417204,1529
420,24-02-2019,1,1,2,0,5,1,2,16.7075,20.54855,73.75,15.916989,3487
453,29-03-2019,2,1,3,0,4,1,1,20.260847,24.1152,43.9167,21.41655,6133
447,23-03-2019,2,1,3,0,5,1,2,24.668347,28.50335,69.4167,7.7921,8362
197,16-07-2018,3,0,7,0,6,0,1,28.153347,31.91315,58.5,13.958914,5923
227,15-08-2018,3,0,8,0,1,1,1,27.299153,30.80835,71.2083,13.999918,4338
257,14-09-2018,3,0,9,0,3,1,1,27.606653,31.345,69.7083,11.2091,4785
407,11-02-2019,1,1,2,0,6,0,3,9.190847,10.54335,73.125,19.416332,2169
103,13-04-2018,2,0,4,0,3,1,2,16.9125,20.86415,81.9167,16.791339,2162
315,11-11-2018,4,0,11,1,5,0,1,13.290847,15.34085,44.625,21.083225,3368
77,18-03-2018,1,0,3,0,5,1,1,22.14,26.35045,52.5217,15.478139,3239
632,24-09-2019,4,1,9,0,1,1,1,21.080847,25.12565,49.2917,9.541068,7436
627,19-09-2019,3,1,9,0,3,1,1,22.6525,27.0202,53.6667,14.416725,7591
96,06-04-2018,2,0,4,0,3,1,1,16.024153,19.3804,47.0833,17.625221,2808
171,20-06-2018,2,0,6,0,1,1,2,26.035,29.7673,74.625,10.416825,4010
95,05-04-2018,2,0,4,0,2,1,2,16.980847,19.9175,64.2083,26.000489,1795
215,03-08-2018,3,0,8,0,3,1,2,29.998347,33.99685,65.75,9.084061,3574
39,08-02-2018,1,0,2,0,2,1,1,9.054153,9.9123,53.7917,24.25065,1530
37,06-02-2018,1,0,2,0,0,0,1,11.719153,14.58355,56.8333,9.5006,1623
181,30-06-2018,3,0,6,0,4,1,1,28.563347,31.8504,43.4167,12.415904,5515
177,26-06-2018,3,0,6,0,0,0,1,27.88,31.88145,51.3333,6.3337311,5305
669,31-10-2019,4,1,10,0,3,1,2,14.6575,18.055,66.6667,11.166689,5566
496,11-05-2019,2,1,5,0,5,1,1,21.866653,26.04165,36.0417,15.874779,7030
503,18-05-2019,2,1,5,0,5,1,1,23.130847,27.55605,52.3333,9.166739,7639
216,04-08-2018,3,0,8,0,4,1,2,29.11,33.2394,75.75,13.20905,4576
395,30-01-2019,1,1,1,0,1,1,1,11.035847,13.13125,40.0833,14.458064,3624
213,01-08-2018,3,0,8,0,1,1,1,31.638347,35.1646,55.0833,10.500039,4266
644,06-10-2019,4,1,10,0,6,0,1,22.720847,26.92605,66.4167,17.957675,7965
583,06-08-2019,3,1,8,0,1,1,2,30.8525,35.5123,65.4167,8.666718,7013
132,12-05-2018,2,0,5,0,4,1,1,21.935,26.16815,74.75,12.707689,4864
363,29-12-2018,1,0,12,0,4,1,1,10.181653,13.1946,57.4167,8.000604,2423
461,06-04-2019,2,1,4,0,5,1,1,16.536653,19.53835,37.7083,20.125996,6460
186,05-07-2018,3,0,7,0,2,1,1,30.613347,34.8169,59.0417,8.459286,4665
14,14-01-2018,1,0,1,0,5,1,1,6.59567,9.42065,53.7826,8.478716,1421
1,01-01-2018,1,0,1,0,6,0,2,14.110847,18.18125,80.5833,10.749882,985
476,21-04-2019,2,1,4,0,6,0,1,23.37,27.14605,68.2917,19.000329,6624
348,14-12-2018,4,0,12,0,3,1,2,13.0175,16.9181,66.375,4.0842061,3740
489,04-05-2019,2,1,5,0,5,1,1,25.7275,29.54585,73.5417,10.916846,6296
69,10-03-2018,1,0,3,0,4,1,3,15.952731,19.2834,0.0,17.545759,623
727,28-12-2019,1,1,12,0,5,1,2,10.386653,12.7523,59.0,10.416557,3095
18,18-01-2018,1,0,1,0,2,1,2,8.883347,11.61665,86.1667,9.833925,683
31,31-01-2018,1,0,1,0,1,1,2,7.414153,9.3125,60.375,12.541864,1501
619,11-09-2019,3,1,9,0,2,1,1,23.6775,27.7146,52.0,6.1676314,7767
526,10-06-2019,2,1,6,0,0,0,1,29.793347,33.17585,53.8333,8.959307,6598
585,08-08-2019,3,1,8,0,3,1,2,30.75,35.38585,67.2917,7.4169,7534
274,01-10-2018,4,0,10,0,6,0,2,16.81,20.64315,75.375,19.583832,2429
438,14-03-2019,1,1,3,0,3,1,1,23.4725,27.43085,50.7083,7.709154,6312
193,12-07-2018,3,0,7,0,2,1,1,32.560847,36.96375,55.9167,13.417018,4258
275,02-10-2018,4,0,10,0,0,0,2,14.623347,17.26585,79.1667,14.874871,2918
173,22-06-2018,3,0,6,0,3,1,1,30.066653,34.69145,70.75,11.541554,4507
680,11-11-2019,4,1,11,0,0,0,1,17.254153,21.08565,65.9167,8.5425,6852
304,31-10-2018,4,0,10,0,1,1,1,13.94,17.80315,70.3333,7.12545,3669
370,05-01-2019,1,1,1,0,4,1,1,10.899153,13.9206,52.4167,8.709129,3272
239,27-08-2018,3,0,8,0,6,0,2,27.88,31.7778,85.0,25.166339,1115
284,11-10-2018,4,0,10,0,2,1,2,23.233347,27.3048,80.875,9.583814,4563
182,01-07-2018,3,0,7,0,5,1,1,29.6225,32.6081,39.625,6.874736,5362
64,05-03-2018,1,0,3,0,6,0,2,15.750847,18.93895,78.9167,16.875357,2077
404,08-02-2019,1,1,2,0,3,1,2,10.523347,13.32105,72.2917,8.959307,2802
479,24-04-2019,2,1,4,0,2,1,1,16.946653,20.26415,45.4167,16.708661,5633
618,10-09-2019,3,1,9,0,1,1,1,23.916653,28.2827,50.375,17.333771,7525
3,03-01-2018,1,0,1,0,1,1,1,8.050924,9.47025,43.7273,16.636703,1349
337,03-12-2018,4,0,12,0,6,0,1,12.265847,15.5302,61.2917,6.4174811,3614
696,27-11-2019,4,1,11,0,2,1,2,11.958347,14.0779,78.6667,15.916654,3959
318,14-11-2018,4,0,11,0,1,1,1,21.73,26.2306,58.7083,20.541932,4486
432,08-03-2019,1,1,3,0,4,1,1,21.6275,26.2302,56.75,29.584721,5382
50,19-02-2018,1,0,2,0,6,0,1,16.365847,19.5702,18.7917,34.000021,1635
136,16-05-2018,2,0,5,0,1,1,1,23.6775,27.5256,78.7917,8.500357,3958
604,27-08-2019,3,1,8,0,1,1,1,28.836653,32.7344,73.0417,8.625111,6917
5,05-01-2018,1,0,1,0,3,1,1,9.305237,11.4635,43.6957,12.5223,1600
613,05-09-2019,3,1,9,0,3,1,1,30.203347,35.44915,74.125,12.583136,7112
142,22-05-2018,2,0,5,0,0,0,1,24.770847,28.725,74.9583,9.916536,4660
416,20-02-2019,1,1,2,1,1,0,1,11.48,13.66955,50.7826,15.348561,3129
668,30-10-2019,4,1,10,0,2,1,2,13.045462,15.49545,82.5455,14.271603,1096
387,22-01-2019,1,1,1,0,0,0,2,6.6625,8.1125,79.625,13.375746,1977
87,28-03-2018,2,0,3,0,1,1,1,10.838268,12.8787,30.2174,14.217668,2028
94,04-04-2018,2,0,4,0,1,1,1,23.506653,27.14645,42.625,25.833257,3115
650,12-10-2019,4,1,10,0,5,1,1,17.9375,21.65355,53.9167,15.751164,7282
508,23-05-2019,2,1,5,0,3,1,2,25.488347,29.2306,77.4583,6.834,5260
571,25-07-2019,3,1,7,0,3,1,1,29.690847,32.7027,45.0,11.0416,8173
317,13-11-2018,4,0,11,0,0,0,1,18.074153,21.5275,45.8333,18.875307,3717
229,17-08-2018,3,0,8,0,3,1,1,29.656653,33.33355,57.5417,9.625689,4694
656,18-10-2019,4,1,10,0,4,1,2,21.4225,25.63125,72.8333,15.874779,7509
281,08-10-2018,4,0,10,0,6,0,1,21.388347,25.6621,70.125,3.0420814,5409
527,11-06-2019,2,1,6,0,1,1,2,29.554153,32.98605,58.7917,13.916771,6664
579,02-08-2019,3,1,8,0,4,1,1,30.8525,35.3544,65.9583,8.666718,7261
54,23-02-2018,1,0,2,0,3,1,1,9.091299,12.28585,42.3043,6.305571,1917
351,17-12-2018,4,0,12,0,6,0,2,10.591653,12.46855,56.0833,16.292189,2739
80,21-03-2018,2,0,3,0,1,1,2,17.647835,20.48675,73.7391,19.348461,2077
521,05-06-2019,2,1,6,0,2,1,2,22.174153,26.2946,61.3333,14.041525,7001
